{"cameraMode":{"drawMode":0,"name":"Shaded","section":"Shading Mode"},"sceneLighting":true,"audioPlay":false,"sceneViewState":{"showFog":true,"showMaterialUpdate":true,"showSkybox":true,"showFlares":true,"showImageEffects":true,"showParticleSystems":true},"in2DMode":false,"pivot":{"x":5.444830894470215,"y":19.739166259765626,"z":37.785362243652347},"rotation":{"x":-0.008152450434863568,"y":0.9811071157455444,"z":-0.18858307600021363,"w":-0.04241343215107918},"size":22.0,"orthographic":false}