{"cameraMode":{"drawMode":0,"name":"Shaded","section":"Shading Mode"},"sceneLighting":false,"audioPlay":false,"sceneViewState":{"showFog":true,"showMaterialUpdate":false,"showSkybox":true,"showFlares":true,"showImageEffects":true,"showParticleSystems":true},"in2DMode":false,"pivot":{"x":17.880868911743165,"y":5.1750288009643559,"z":34.98490905761719},"rotation":{"x":0.020060624927282335,"y":-0.9732428789138794,"z":0.20896658301353455,"w":0.09342852234840393},"size":10.328178405761719,"orthographic":false}