{"cameraMode":{"drawMode":0,"name":"Shaded","section":"Shading Mode"},"sceneLighting":false,"audioPlay":false,"sceneViewState":{"showFog":true,"showMaterialUpdate":false,"showSkybox":true,"showFlares":true,"showImageEffects":true,"showParticleSystems":true},"in2DMode":false,"pivot":{"x":1.8700000047683716,"y":2.8585705757141115,"z":27.119701385498048},"rotation":{"x":0.007359101437032223,"y":-0.9649698734283447,"z":0.2608408033847809,"w":0.02722308412194252},"size":4.034664630889893,"orthographic":false}