{"cameraMode":{"drawMode":0,"name":"Shaded","section":"Shading Mode"},"sceneLighting":false,"audioPlay":false,"sceneViewState":{"showFog":true,"showMaterialUpdate":false,"showSkybox":true,"showFlares":true,"showImageEffects":true,"showParticleSystems":true},"in2DMode":false,"pivot":{"x":1.7309988737106324,"y":3.8319997787475588,"z":-0.020995035767555238},"rotation":{"x":0.23736518621444703,"y":-0.6876567602157593,"z":0.25648370385169985,"w":0.6363977789878845},"size":29.689197540283204,"orthographic":false}