{"cameraMode":{"drawMode":0,"name":"Shaded","section":"Shading Mode"},"sceneLighting":false,"audioPlay":false,"sceneViewState":{"showFog":true,"showMaterialUpdate":true,"showSkybox":true,"showFlares":true,"showImageEffects":true,"showParticleSystems":true},"in2DMode":false,"pivot":{"x":-1.0200037956237794,"y":1.2000001668930054,"z":18.3799991607666},"rotation":{"x":-0.005780810955911875,"y":0.9804404973983765,"z":-0.19456197321414948,"w":-0.029130874201655389},"size":2.6937780380249025,"orthographic":false}