{"cameraMode":{"drawMode":0,"name":"Shaded","section":"Shading Mode"},"sceneLighting":false,"audioPlay":false,"sceneViewState":{"showFog":true,"showMaterialUpdate":false,"showSkybox":true,"showFlares":true,"showImageEffects":true,"showParticleSystems":true},"in2DMode":false,"pivot":{"x":9.989999771118164,"y":5.1306681632995609,"z":23.010000228881837},"rotation":{"x":0.007359101437032223,"y":-0.9649698734283447,"z":0.2608408033847809,"w":0.02722308412194252},"size":4.168588638305664,"orthographic":false}