{"cameraMode":{"drawMode":0,"name":"Shaded","section":"Shading Mode"},"sceneLighting":false,"audioPlay":false,"sceneViewState":{"showFog":true,"showMaterialUpdate":false,"showSkybox":true,"showFlares":true,"showImageEffects":true,"showParticleSystems":true},"in2DMode":false,"pivot":{"x":0.0000011920928955078126,"y":1.000000238418579,"z":0.0},"rotation":{"x":-0.009927493520081044,"y":-0.9711772799491882,"z":0.23457801342010499,"w":-0.04110158607363701},"size":8.083317756652832,"orthographic":false}