{"cameraMode":{"drawMode":0,"name":"Shaded","section":"Shading Mode"},"sceneLighting":false,"audioPlay":false,"sceneViewState":{"showFog":true,"showMaterialUpdate":false,"showSkybox":true,"showFlares":true,"showImageEffects":true,"showParticleSystems":true},"in2DMode":false,"pivot":{"x":-6.20333194732666,"y":6.415029525756836,"z":18.920000076293947},"rotation":{"x":0.020060624927282335,"y":-0.9732428789138794,"z":0.20896658301353455,"w":0.09342852234840393},"size":7.788969993591309,"orthographic":false}